-- Dependency and Recovery outcomes
INSERT INTO desired_outcome (id, description, service_category_id, deprecated_at)
VALUES ('b59dbf80-f2b5-425b-8115-66eb8ad7e40d',
        'Service User has a minimised risk of overdose following release from prison.',
        '76bcdb97-1dea-41c1-a4f8-899d88e5d679', NULL),
       ('889f3021-af80-470b-8ea9-d4390ae0bbc6',
        'Service User has a minimised risk of overdose following release from prison.',
        '4adf3bd1-be2a-44dc-922d-8a915367b77c', NULL),
       ('3c4cd2c6-49cc-4962-8441-724d2baffb94',
        'Service User has a minimised risk of overdose following release from prison.',
        'b34846f0-176e-483b-92d9-6621dda855eb', NULL),
       ('eb241f98-3b7a-483d-9945-69cbb7588295',
        'Service User has a minimised risk of overdose following release from prison.',
        '3c7ad8ff-86d9-4ba9-87c6-dc2d7b741240', NULL),
       ('3d8fea6f-003a-49a5-a9d6-5cacc724966c',
        'Service User has a minimised risk of overdose following release from prison.',
        '748732c2-7f94-4966-b5f2-d19e86e0cbf2', NULL),
       ('86324d1b-31fb-4482-84d1-212372c9828d',
        'Service User has a minimised risk of overdose following release from prison.',
        'c3e9ef94-40fb-4284-8920-08ea6f8186e1', NULL),
       ('21277c11-68c5-4f7c-b6c9-6aa7fc320ca2',
        'Service User has a minimised risk of overdose following release from prison.',
        'd9cd7b8b-2ce0-4553-8f56-a7ecfa5cc9e5', NULL),
       ('c9c8a1ee-c2b3-4639-850b-48e0e139311c',
        'Service User has a minimised risk of overdose following release from prison.',
        '1f33f0b8-0d64-4dce-aa20-4cd70e11ddd3', NULL),
       ('7dc10fa2-3ba7-47ac-a93c-96f48754657b',
        'Service User has a minimised risk of overdose following release from prison.',
        '57d3cedb-29f8-4316-9c22-9d6d0631ffab', NULL),
       ('13abd131-a1b3-4232-b444-68263faf228e',
        'Service User has a minimised risk of overdose following release from prison.',
        'ca13b995-4c91-4d0a-9fe8-2055cc0acb1a', NULL),
       ('118141da-d673-47de-84f9-ec28261ad112',
        'Service User accesses appropriate support, on release from custody or in the community.',
        '76bcdb97-1dea-41c1-a4f8-899d88e5d679', NULL),
       ('215dea2f-7839-4a4d-8fd5-0f041e25ab26',
        'Service User accesses appropriate support, on release from custody or in the community.',
        '4adf3bd1-be2a-44dc-922d-8a915367b77c', NULL),
       ('db872833-1f17-4122-89bf-148cb1881b2b',
        'Service User accesses appropriate support, on release from custody or in the community.',
        'b34846f0-176e-483b-92d9-6621dda855eb', NULL),
       ('56d3e648-9142-4e33-ba02-54c7a1b004cc',
        'Service User accesses appropriate support, on release from custody or in the community.',
        '3c7ad8ff-86d9-4ba9-87c6-dc2d7b741240', NULL),
       ('74e00e83-411a-4e2e-ad28-85fc28f5b83e',
        'Service User accesses appropriate support, on release from custody or in the community.',
        '748732c2-7f94-4966-b5f2-d19e86e0cbf2', NULL),
       ('c7bed839-192c-4cc3-abfd-5dcd9b89e0f1',
        'Service User accesses appropriate support, on release from custody or in the community.',
        'c3e9ef94-40fb-4284-8920-08ea6f8186e1', NULL),
       ('e44ae670-bc65-49e5-a72d-5155ab359ff1',
        'Service User accesses appropriate support, on release from custody or in the community.',
        'd9cd7b8b-2ce0-4553-8f56-a7ecfa5cc9e5', NULL),
       ('618dbbe3-b6fc-44ef-8245-02d42d2f867d',
        'Service User accesses appropriate support, on release from custody or in the community.',
        '1f33f0b8-0d64-4dce-aa20-4cd70e11ddd3', NULL),
       ('60bffe9b-5307-4579-94bf-ef58df889c8e',
        'Service User accesses appropriate support, on release from custody or in the community.',
        '57d3cedb-29f8-4316-9c22-9d6d0631ffab', NULL),
       ('d1985e92-6a9f-4919-bed4-d4aa55000496',
        'Service User accesses appropriate support, on release from custody or in the community.',
        'ca13b995-4c91-4d0a-9fe8-2055cc0acb1a', NULL),
       ('28c62871-540d-4073-aff0-5fd8242a2baa',
        'Service User achieves non-dependent or non-problematic substance misuse.',
        '76bcdb97-1dea-41c1-a4f8-899d88e5d679', NULL),
       ('d96fdc8b-5e65-4f85-9c58-99bbf38d7233',
        'Service User achieves non-dependent or non-problematic substance misuse.',
        '4adf3bd1-be2a-44dc-922d-8a915367b77c', NULL),
       ('4b6e269e-68a7-48aa-bfaa-8c3421fb7151',
        'Service User achieves non-dependent or non-problematic substance misuse.',
        'b34846f0-176e-483b-92d9-6621dda855eb', NULL),
       ('6558b4b5-6acf-4409-84bf-eea908660658',
        'Service User achieves non-dependent or non-problematic substance misuse.',
        '3c7ad8ff-86d9-4ba9-87c6-dc2d7b741240', NULL),
       ('c2ed44f0-535d-4488-aef9-8cbc71b18aa9',
        'Service User achieves non-dependent or non-problematic substance misuse.',
        '748732c2-7f94-4966-b5f2-d19e86e0cbf2', NULL),
       ('84f02517-5cd5-4260-9c43-896cfefa5af2',
        'Service User achieves non-dependent or non-problematic substance misuse.',
        'c3e9ef94-40fb-4284-8920-08ea6f8186e1', NULL),
       ('c0a02cd3-db90-4485-b517-1c5bde8b91a8',
        'Service User achieves non-dependent or non-problematic substance misuse.',
        'd9cd7b8b-2ce0-4553-8f56-a7ecfa5cc9e5', NULL),
       ('16684f75-d42c-4d37-ba74-b9fba071eb0f',
        'Service User achieves non-dependent or non-problematic substance misuse.',
        '1f33f0b8-0d64-4dce-aa20-4cd70e11ddd3', NULL),
       ('d4f339bd-30b0-462e-94bf-b955b8c780ee',
        'Service User achieves non-dependent or non-problematic substance misuse.',
        '57d3cedb-29f8-4316-9c22-9d6d0631ffab', NULL),
       ('cdee3126-44b8-40d6-a718-8b315115a1ae',
        'Service User achieves non-dependent or non-problematic substance misuse.',
        'ca13b995-4c91-4d0a-9fe8-2055cc0acb1a', NULL);

INSERT INTO desired_outcome_filter_rule(id, desired_outcome_id, rule_type, match_type)
VALUES ('dffc1ba1-e251-4488-9ea0-13e243aeaaa4', 'b59dbf80-f2b5-425b-8115-66eb8ad7e40d', 'INCLUDE',
        'contract_reference'),
       ('395b2bc0-831a-4367-9bbb-ad1bd6c33384', '889f3021-af80-470b-8ea9-d4390ae0bbc6', 'INCLUDE',
        'contract_reference'),
       ('33ddce39-0e16-4715-b3dd-e6b122b4bcf7', '3c4cd2c6-49cc-4962-8441-724d2baffb94', 'INCLUDE',
        'contract_reference'),
       ('9a21cc7f-a3c3-4869-8410-d25549c83286', 'eb241f98-3b7a-483d-9945-69cbb7588295', 'INCLUDE',
        'contract_reference'),
       ('db6c4f85-8e5d-478a-8c60-cd279be7b884', '3d8fea6f-003a-49a5-a9d6-5cacc724966c', 'INCLUDE',
        'contract_reference'),
       ('b34594f7-c0a7-4431-8afd-6784e1dddf83', '86324d1b-31fb-4482-84d1-212372c9828d', 'INCLUDE',
        'contract_reference'),
       ('ff4da7fa-9630-466b-b1ab-3c34b8eaa660', '21277c11-68c5-4f7c-b6c9-6aa7fc320ca2', 'INCLUDE',
        'contract_reference'),
       ('caa7d73b-6b53-4287-9064-82f38d01c19b', 'c9c8a1ee-c2b3-4639-850b-48e0e139311c', 'INCLUDE',
        'contract_reference'),
       ('deb557d4-26a0-4360-8210-3e084392b357', '7dc10fa2-3ba7-47ac-a93c-96f48754657b', 'INCLUDE',
        'contract_reference'),
       ('58b9de68-c78e-4412-8a08-c826dcdf372b', '13abd131-a1b3-4232-b444-68263faf228e', 'INCLUDE',
        'contract_reference');

INSERT INTO desired_outcome_filter_rule_match_data (desired_outcome_filter_rule_id, match_data)
VALUES ('dffc1ba1-e251-4488-9ea0-13e243aeaaa4', 'CCS_0001'),
       ('dffc1ba1-e251-4488-9ea0-13e243aeaaa4', 'CCS_0002'),
       ('dffc1ba1-e251-4488-9ea0-13e243aeaaa4', 'PRJ_12498_GWENT'),
       ('dffc1ba1-e251-4488-9ea0-13e243aeaaa4', 'PRJ_12498_SOUTHWALES'),
       ('dffc1ba1-e251-4488-9ea0-13e243aeaaa4', 'PRJ_12502_DYFEDPOWYS'),
       ('dffc1ba1-e251-4488-9ea0-13e243aeaaa4', 'PRJ_12502_NORTHWALES'),
       ('dffc1ba1-e251-4488-9ea0-13e243aeaaa4', 'PRJ_5750'),
       ('dffc1ba1-e251-4488-9ea0-13e243aeaaa4', 'PRJ_5751'),
       ('dffc1ba1-e251-4488-9ea0-13e243aeaaa4', 'PRJ_5752'),
       ('dffc1ba1-e251-4488-9ea0-13e243aeaaa4', 'PRJ_5753'),
       ('dffc1ba1-e251-4488-9ea0-13e243aeaaa4', 'PRJ_5764'),
       ('dffc1ba1-e251-4488-9ea0-13e243aeaaa4', 'PRJ_5776'),
       ('dffc1ba1-e251-4488-9ea0-13e243aeaaa4', 'PRJ_5779'),
       ('dffc1ba1-e251-4488-9ea0-13e243aeaaa4', 'PRJ_5780'),
       ('dffc1ba1-e251-4488-9ea0-13e243aeaaa4', 'PRJ_5781'),
       ('dffc1ba1-e251-4488-9ea0-13e243aeaaa4', 'PRJ_5789'),
       ('dffc1ba1-e251-4488-9ea0-13e243aeaaa4', 'PRJ_5790'),
       ('dffc1ba1-e251-4488-9ea0-13e243aeaaa4', 'PRJ_5791'),
       ('dffc1ba1-e251-4488-9ea0-13e243aeaaa4', 'PRJ_5792'),
       ('dffc1ba1-e251-4488-9ea0-13e243aeaaa4', 'PRJ_5793'),
       ('dffc1ba1-e251-4488-9ea0-13e243aeaaa4', 'PRJ_5794'),
       ('dffc1ba1-e251-4488-9ea0-13e243aeaaa4', 'PRJ_5795'),
       ('dffc1ba1-e251-4488-9ea0-13e243aeaaa4', 'PRJ_5798'),
       ('dffc1ba1-e251-4488-9ea0-13e243aeaaa4', 'PRJ_5799'),
       ('dffc1ba1-e251-4488-9ea0-13e243aeaaa4', 'PRJ_5802'),
       ('dffc1ba1-e251-4488-9ea0-13e243aeaaa4', 'PRJ_5803'),
       ('dffc1ba1-e251-4488-9ea0-13e243aeaaa4', 'PRJ_5806'),
       ('dffc1ba1-e251-4488-9ea0-13e243aeaaa4', 'PRJ_5809'),
       ('dffc1ba1-e251-4488-9ea0-13e243aeaaa4', 'PRJ_5813'),
       ('dffc1ba1-e251-4488-9ea0-13e243aeaaa4', 'PRJ_5815'),
       ('dffc1ba1-e251-4488-9ea0-13e243aeaaa4', 'PRJ_5817'),
       ('dffc1ba1-e251-4488-9ea0-13e243aeaaa4', 'PRJ_5818'),
       ('dffc1ba1-e251-4488-9ea0-13e243aeaaa4', 'PRJ_5819'),
       ('dffc1ba1-e251-4488-9ea0-13e243aeaaa4', 'PRJ_5821'),
       ('dffc1ba1-e251-4488-9ea0-13e243aeaaa4', 'PRJ_5822'),
       ('dffc1ba1-e251-4488-9ea0-13e243aeaaa4', 'PRJ_5823'),
       ('dffc1ba1-e251-4488-9ea0-13e243aeaaa4', 'PRJ_5824'),
       ('dffc1ba1-e251-4488-9ea0-13e243aeaaa4', 'PRJ_5825'),
       ('dffc1ba1-e251-4488-9ea0-13e243aeaaa4', 'PRJ_6553'),
       ('dffc1ba1-e251-4488-9ea0-13e243aeaaa4', 'PRJ_6554'),
       ('dffc1ba1-e251-4488-9ea0-13e243aeaaa4', 'PRJ_6555'),
       ('dffc1ba1-e251-4488-9ea0-13e243aeaaa4', 'PRJ_6556'),
       ('dffc1ba1-e251-4488-9ea0-13e243aeaaa4', 'PRJ_6557'),
       ('dffc1ba1-e251-4488-9ea0-13e243aeaaa4', 'PRJ_6558'),
       ('dffc1ba1-e251-4488-9ea0-13e243aeaaa4', 'PRJ_6559'),
       ('dffc1ba1-e251-4488-9ea0-13e243aeaaa4', 'PRJ_6560'),
       ('dffc1ba1-e251-4488-9ea0-13e243aeaaa4', 'PRJ_7283_E'),
       ('dffc1ba1-e251-4488-9ea0-13e243aeaaa4', 'PRJ_7283_N'),
       ('dffc1ba1-e251-4488-9ea0-13e243aeaaa4', 'PRJ_7283_S');

INSERT INTO desired_outcome_filter_rule_match_data (desired_outcome_filter_rule_id, match_data)
VALUES ('395b2bc0-831a-4367-9bbb-ad1bd6c33384', 'CCS_0001'),
       ('395b2bc0-831a-4367-9bbb-ad1bd6c33384', 'CCS_0002'),
       ('395b2bc0-831a-4367-9bbb-ad1bd6c33384', 'PRJ_12498_GWENT'),
       ('395b2bc0-831a-4367-9bbb-ad1bd6c33384', 'PRJ_12498_SOUTHWALES'),
       ('395b2bc0-831a-4367-9bbb-ad1bd6c33384', 'PRJ_12502_DYFEDPOWYS'),
       ('395b2bc0-831a-4367-9bbb-ad1bd6c33384', 'PRJ_12502_NORTHWALES'),
       ('395b2bc0-831a-4367-9bbb-ad1bd6c33384', 'PRJ_5750'),
       ('395b2bc0-831a-4367-9bbb-ad1bd6c33384', 'PRJ_5751'),
       ('395b2bc0-831a-4367-9bbb-ad1bd6c33384', 'PRJ_5752'),
       ('395b2bc0-831a-4367-9bbb-ad1bd6c33384', 'PRJ_5753'),
       ('395b2bc0-831a-4367-9bbb-ad1bd6c33384', 'PRJ_5764'),
       ('395b2bc0-831a-4367-9bbb-ad1bd6c33384', 'PRJ_5776'),
       ('395b2bc0-831a-4367-9bbb-ad1bd6c33384', 'PRJ_5779'),
       ('395b2bc0-831a-4367-9bbb-ad1bd6c33384', 'PRJ_5780'),
       ('395b2bc0-831a-4367-9bbb-ad1bd6c33384', 'PRJ_5781'),
       ('395b2bc0-831a-4367-9bbb-ad1bd6c33384', 'PRJ_5789'),
       ('395b2bc0-831a-4367-9bbb-ad1bd6c33384', 'PRJ_5790'),
       ('395b2bc0-831a-4367-9bbb-ad1bd6c33384', 'PRJ_5791'),
       ('395b2bc0-831a-4367-9bbb-ad1bd6c33384', 'PRJ_5792'),
       ('395b2bc0-831a-4367-9bbb-ad1bd6c33384', 'PRJ_5793'),
       ('395b2bc0-831a-4367-9bbb-ad1bd6c33384', 'PRJ_5794'),
       ('395b2bc0-831a-4367-9bbb-ad1bd6c33384', 'PRJ_5795'),
       ('395b2bc0-831a-4367-9bbb-ad1bd6c33384', 'PRJ_5798'),
       ('395b2bc0-831a-4367-9bbb-ad1bd6c33384', 'PRJ_5799'),
       ('395b2bc0-831a-4367-9bbb-ad1bd6c33384', 'PRJ_5802'),
       ('395b2bc0-831a-4367-9bbb-ad1bd6c33384', 'PRJ_5803'),
       ('395b2bc0-831a-4367-9bbb-ad1bd6c33384', 'PRJ_5806'),
       ('395b2bc0-831a-4367-9bbb-ad1bd6c33384', 'PRJ_5809'),
       ('395b2bc0-831a-4367-9bbb-ad1bd6c33384', 'PRJ_5813'),
       ('395b2bc0-831a-4367-9bbb-ad1bd6c33384', 'PRJ_5815'),
       ('395b2bc0-831a-4367-9bbb-ad1bd6c33384', 'PRJ_5817'),
       ('395b2bc0-831a-4367-9bbb-ad1bd6c33384', 'PRJ_5818'),
       ('395b2bc0-831a-4367-9bbb-ad1bd6c33384', 'PRJ_5819'),
       ('395b2bc0-831a-4367-9bbb-ad1bd6c33384', 'PRJ_5821'),
       ('395b2bc0-831a-4367-9bbb-ad1bd6c33384', 'PRJ_5822'),
       ('395b2bc0-831a-4367-9bbb-ad1bd6c33384', 'PRJ_5823'),
       ('395b2bc0-831a-4367-9bbb-ad1bd6c33384', 'PRJ_5824'),
       ('395b2bc0-831a-4367-9bbb-ad1bd6c33384', 'PRJ_5825'),
       ('395b2bc0-831a-4367-9bbb-ad1bd6c33384', 'PRJ_6553'),
       ('395b2bc0-831a-4367-9bbb-ad1bd6c33384', 'PRJ_6554'),
       ('395b2bc0-831a-4367-9bbb-ad1bd6c33384', 'PRJ_6555'),
       ('395b2bc0-831a-4367-9bbb-ad1bd6c33384', 'PRJ_6556'),
       ('395b2bc0-831a-4367-9bbb-ad1bd6c33384', 'PRJ_6557'),
       ('395b2bc0-831a-4367-9bbb-ad1bd6c33384', 'PRJ_6558'),
       ('395b2bc0-831a-4367-9bbb-ad1bd6c33384', 'PRJ_6559'),
       ('395b2bc0-831a-4367-9bbb-ad1bd6c33384', 'PRJ_6560'),
       ('395b2bc0-831a-4367-9bbb-ad1bd6c33384', 'PRJ_7283_E'),
       ('395b2bc0-831a-4367-9bbb-ad1bd6c33384', 'PRJ_7283_N'),
       ('395b2bc0-831a-4367-9bbb-ad1bd6c33384', 'PRJ_7283_S');

INSERT INTO desired_outcome_filter_rule_match_data (desired_outcome_filter_rule_id, match_data)
VALUES ('33ddce39-0e16-4715-b3dd-e6b122b4bcf7', 'CCS_0001'),
       ('33ddce39-0e16-4715-b3dd-e6b122b4bcf7', 'CCS_0002'),
       ('33ddce39-0e16-4715-b3dd-e6b122b4bcf7', 'PRJ_12498_GWENT'),
       ('33ddce39-0e16-4715-b3dd-e6b122b4bcf7', 'PRJ_12498_SOUTHWALES'),
       ('33ddce39-0e16-4715-b3dd-e6b122b4bcf7', 'PRJ_12502_DYFEDPOWYS'),
       ('33ddce39-0e16-4715-b3dd-e6b122b4bcf7', 'PRJ_12502_NORTHWALES'),
       ('33ddce39-0e16-4715-b3dd-e6b122b4bcf7', 'PRJ_5750'),
       ('33ddce39-0e16-4715-b3dd-e6b122b4bcf7', 'PRJ_5751'),
       ('33ddce39-0e16-4715-b3dd-e6b122b4bcf7', 'PRJ_5752'),
       ('33ddce39-0e16-4715-b3dd-e6b122b4bcf7', 'PRJ_5753'),
       ('33ddce39-0e16-4715-b3dd-e6b122b4bcf7', 'PRJ_5764'),
       ('33ddce39-0e16-4715-b3dd-e6b122b4bcf7', 'PRJ_5776'),
       ('33ddce39-0e16-4715-b3dd-e6b122b4bcf7', 'PRJ_5779'),
       ('33ddce39-0e16-4715-b3dd-e6b122b4bcf7', 'PRJ_5780'),
       ('33ddce39-0e16-4715-b3dd-e6b122b4bcf7', 'PRJ_5781'),
       ('33ddce39-0e16-4715-b3dd-e6b122b4bcf7', 'PRJ_5789'),
       ('33ddce39-0e16-4715-b3dd-e6b122b4bcf7', 'PRJ_5790'),
       ('33ddce39-0e16-4715-b3dd-e6b122b4bcf7', 'PRJ_5791'),
       ('33ddce39-0e16-4715-b3dd-e6b122b4bcf7', 'PRJ_5792'),
       ('33ddce39-0e16-4715-b3dd-e6b122b4bcf7', 'PRJ_5793'),
       ('33ddce39-0e16-4715-b3dd-e6b122b4bcf7', 'PRJ_5794'),
       ('33ddce39-0e16-4715-b3dd-e6b122b4bcf7', 'PRJ_5795'),
       ('33ddce39-0e16-4715-b3dd-e6b122b4bcf7', 'PRJ_5798'),
       ('33ddce39-0e16-4715-b3dd-e6b122b4bcf7', 'PRJ_5799'),
       ('33ddce39-0e16-4715-b3dd-e6b122b4bcf7', 'PRJ_5802'),
       ('33ddce39-0e16-4715-b3dd-e6b122b4bcf7', 'PRJ_5803'),
       ('33ddce39-0e16-4715-b3dd-e6b122b4bcf7', 'PRJ_5806'),
       ('33ddce39-0e16-4715-b3dd-e6b122b4bcf7', 'PRJ_5809'),
       ('33ddce39-0e16-4715-b3dd-e6b122b4bcf7', 'PRJ_5813'),
       ('33ddce39-0e16-4715-b3dd-e6b122b4bcf7', 'PRJ_5815'),
       ('33ddce39-0e16-4715-b3dd-e6b122b4bcf7', 'PRJ_5817'),
       ('33ddce39-0e16-4715-b3dd-e6b122b4bcf7', 'PRJ_5818'),
       ('33ddce39-0e16-4715-b3dd-e6b122b4bcf7', 'PRJ_5819'),
       ('33ddce39-0e16-4715-b3dd-e6b122b4bcf7', 'PRJ_5821'),
       ('33ddce39-0e16-4715-b3dd-e6b122b4bcf7', 'PRJ_5822'),
       ('33ddce39-0e16-4715-b3dd-e6b122b4bcf7', 'PRJ_5823'),
       ('33ddce39-0e16-4715-b3dd-e6b122b4bcf7', 'PRJ_5824'),
       ('33ddce39-0e16-4715-b3dd-e6b122b4bcf7', 'PRJ_5825'),
       ('33ddce39-0e16-4715-b3dd-e6b122b4bcf7', 'PRJ_6553'),
       ('33ddce39-0e16-4715-b3dd-e6b122b4bcf7', 'PRJ_6554'),
       ('33ddce39-0e16-4715-b3dd-e6b122b4bcf7', 'PRJ_6555'),
       ('33ddce39-0e16-4715-b3dd-e6b122b4bcf7', 'PRJ_6556'),
       ('33ddce39-0e16-4715-b3dd-e6b122b4bcf7', 'PRJ_6557'),
       ('33ddce39-0e16-4715-b3dd-e6b122b4bcf7', 'PRJ_6558'),
       ('33ddce39-0e16-4715-b3dd-e6b122b4bcf7', 'PRJ_6559'),
       ('33ddce39-0e16-4715-b3dd-e6b122b4bcf7', 'PRJ_6560'),
       ('33ddce39-0e16-4715-b3dd-e6b122b4bcf7', 'PRJ_7283_E'),
       ('33ddce39-0e16-4715-b3dd-e6b122b4bcf7', 'PRJ_7283_N'),
       ('33ddce39-0e16-4715-b3dd-e6b122b4bcf7', 'PRJ_7283_S');

INSERT INTO desired_outcome_filter_rule_match_data (desired_outcome_filter_rule_id, match_data)
VALUES ('9a21cc7f-a3c3-4869-8410-d25549c83286', 'CCS_0001'),
       ('9a21cc7f-a3c3-4869-8410-d25549c83286', 'CCS_0002'),
       ('9a21cc7f-a3c3-4869-8410-d25549c83286', 'PRJ_12498_GWENT'),
       ('9a21cc7f-a3c3-4869-8410-d25549c83286', 'PRJ_12498_SOUTHWALES'),
       ('9a21cc7f-a3c3-4869-8410-d25549c83286', 'PRJ_12502_DYFEDPOWYS'),
       ('9a21cc7f-a3c3-4869-8410-d25549c83286', 'PRJ_12502_NORTHWALES'),
       ('9a21cc7f-a3c3-4869-8410-d25549c83286', 'PRJ_5750'),
       ('9a21cc7f-a3c3-4869-8410-d25549c83286', 'PRJ_5751'),
       ('9a21cc7f-a3c3-4869-8410-d25549c83286', 'PRJ_5752'),
       ('9a21cc7f-a3c3-4869-8410-d25549c83286', 'PRJ_5753'),
       ('9a21cc7f-a3c3-4869-8410-d25549c83286', 'PRJ_5764'),
       ('9a21cc7f-a3c3-4869-8410-d25549c83286', 'PRJ_5776'),
       ('9a21cc7f-a3c3-4869-8410-d25549c83286', 'PRJ_5779'),
       ('9a21cc7f-a3c3-4869-8410-d25549c83286', 'PRJ_5780'),
       ('9a21cc7f-a3c3-4869-8410-d25549c83286', 'PRJ_5781'),
       ('9a21cc7f-a3c3-4869-8410-d25549c83286', 'PRJ_5789'),
       ('9a21cc7f-a3c3-4869-8410-d25549c83286', 'PRJ_5790'),
       ('9a21cc7f-a3c3-4869-8410-d25549c83286', 'PRJ_5791'),
       ('9a21cc7f-a3c3-4869-8410-d25549c83286', 'PRJ_5792'),
       ('9a21cc7f-a3c3-4869-8410-d25549c83286', 'PRJ_5793'),
       ('9a21cc7f-a3c3-4869-8410-d25549c83286', 'PRJ_5794'),
       ('9a21cc7f-a3c3-4869-8410-d25549c83286', 'PRJ_5795'),
       ('9a21cc7f-a3c3-4869-8410-d25549c83286', 'PRJ_5798'),
       ('9a21cc7f-a3c3-4869-8410-d25549c83286', 'PRJ_5799'),
       ('9a21cc7f-a3c3-4869-8410-d25549c83286', 'PRJ_5802'),
       ('9a21cc7f-a3c3-4869-8410-d25549c83286', 'PRJ_5803'),
       ('9a21cc7f-a3c3-4869-8410-d25549c83286', 'PRJ_5806'),
       ('9a21cc7f-a3c3-4869-8410-d25549c83286', 'PRJ_5809'),
       ('9a21cc7f-a3c3-4869-8410-d25549c83286', 'PRJ_5813'),
       ('9a21cc7f-a3c3-4869-8410-d25549c83286', 'PRJ_5815'),
       ('9a21cc7f-a3c3-4869-8410-d25549c83286', 'PRJ_5817'),
       ('9a21cc7f-a3c3-4869-8410-d25549c83286', 'PRJ_5818'),
       ('9a21cc7f-a3c3-4869-8410-d25549c83286', 'PRJ_5819'),
       ('9a21cc7f-a3c3-4869-8410-d25549c83286', 'PRJ_5821'),
       ('9a21cc7f-a3c3-4869-8410-d25549c83286', 'PRJ_5822'),
       ('9a21cc7f-a3c3-4869-8410-d25549c83286', 'PRJ_5823'),
       ('9a21cc7f-a3c3-4869-8410-d25549c83286', 'PRJ_5824'),
       ('9a21cc7f-a3c3-4869-8410-d25549c83286', 'PRJ_5825'),
       ('9a21cc7f-a3c3-4869-8410-d25549c83286', 'PRJ_6553'),
       ('9a21cc7f-a3c3-4869-8410-d25549c83286', 'PRJ_6554'),
       ('9a21cc7f-a3c3-4869-8410-d25549c83286', 'PRJ_6555'),
       ('9a21cc7f-a3c3-4869-8410-d25549c83286', 'PRJ_6556'),
       ('9a21cc7f-a3c3-4869-8410-d25549c83286', 'PRJ_6557'),
       ('9a21cc7f-a3c3-4869-8410-d25549c83286', 'PRJ_6558'),
       ('9a21cc7f-a3c3-4869-8410-d25549c83286', 'PRJ_6559'),
       ('9a21cc7f-a3c3-4869-8410-d25549c83286', 'PRJ_6560'),
       ('9a21cc7f-a3c3-4869-8410-d25549c83286', 'PRJ_7283_E'),
       ('9a21cc7f-a3c3-4869-8410-d25549c83286', 'PRJ_7283_N'),
       ('9a21cc7f-a3c3-4869-8410-d25549c83286', 'PRJ_7283_S');

INSERT INTO desired_outcome_filter_rule_match_data (desired_outcome_filter_rule_id, match_data)
VALUES ('db6c4f85-8e5d-478a-8c60-cd279be7b884', 'CCS_0001'),
       ('db6c4f85-8e5d-478a-8c60-cd279be7b884', 'CCS_0002'),
       ('db6c4f85-8e5d-478a-8c60-cd279be7b884', 'PRJ_12498_GWENT'),
       ('db6c4f85-8e5d-478a-8c60-cd279be7b884', 'PRJ_12498_SOUTHWALES'),
       ('db6c4f85-8e5d-478a-8c60-cd279be7b884', 'PRJ_12502_DYFEDPOWYS'),
       ('db6c4f85-8e5d-478a-8c60-cd279be7b884', 'PRJ_12502_NORTHWALES'),
       ('db6c4f85-8e5d-478a-8c60-cd279be7b884', 'PRJ_5750'),
       ('db6c4f85-8e5d-478a-8c60-cd279be7b884', 'PRJ_5751'),
       ('db6c4f85-8e5d-478a-8c60-cd279be7b884', 'PRJ_5752'),
       ('db6c4f85-8e5d-478a-8c60-cd279be7b884', 'PRJ_5753'),
       ('db6c4f85-8e5d-478a-8c60-cd279be7b884', 'PRJ_5764'),
       ('db6c4f85-8e5d-478a-8c60-cd279be7b884', 'PRJ_5776'),
       ('db6c4f85-8e5d-478a-8c60-cd279be7b884', 'PRJ_5779'),
       ('db6c4f85-8e5d-478a-8c60-cd279be7b884', 'PRJ_5780'),
       ('db6c4f85-8e5d-478a-8c60-cd279be7b884', 'PRJ_5781'),
       ('db6c4f85-8e5d-478a-8c60-cd279be7b884', 'PRJ_5789'),
       ('db6c4f85-8e5d-478a-8c60-cd279be7b884', 'PRJ_5790'),
       ('db6c4f85-8e5d-478a-8c60-cd279be7b884', 'PRJ_5791'),
       ('db6c4f85-8e5d-478a-8c60-cd279be7b884', 'PRJ_5792'),
       ('db6c4f85-8e5d-478a-8c60-cd279be7b884', 'PRJ_5793'),
       ('db6c4f85-8e5d-478a-8c60-cd279be7b884', 'PRJ_5794'),
       ('db6c4f85-8e5d-478a-8c60-cd279be7b884', 'PRJ_5795'),
       ('db6c4f85-8e5d-478a-8c60-cd279be7b884', 'PRJ_5798'),
       ('db6c4f85-8e5d-478a-8c60-cd279be7b884', 'PRJ_5799'),
       ('db6c4f85-8e5d-478a-8c60-cd279be7b884', 'PRJ_5802'),
       ('db6c4f85-8e5d-478a-8c60-cd279be7b884', 'PRJ_5803'),
       ('db6c4f85-8e5d-478a-8c60-cd279be7b884', 'PRJ_5806'),
       ('db6c4f85-8e5d-478a-8c60-cd279be7b884', 'PRJ_5809'),
       ('db6c4f85-8e5d-478a-8c60-cd279be7b884', 'PRJ_5813'),
       ('db6c4f85-8e5d-478a-8c60-cd279be7b884', 'PRJ_5815'),
       ('db6c4f85-8e5d-478a-8c60-cd279be7b884', 'PRJ_5817'),
       ('db6c4f85-8e5d-478a-8c60-cd279be7b884', 'PRJ_5818'),
       ('db6c4f85-8e5d-478a-8c60-cd279be7b884', 'PRJ_5819'),
       ('db6c4f85-8e5d-478a-8c60-cd279be7b884', 'PRJ_5821'),
       ('db6c4f85-8e5d-478a-8c60-cd279be7b884', 'PRJ_5822'),
       ('db6c4f85-8e5d-478a-8c60-cd279be7b884', 'PRJ_5823'),
       ('db6c4f85-8e5d-478a-8c60-cd279be7b884', 'PRJ_5824'),
       ('db6c4f85-8e5d-478a-8c60-cd279be7b884', 'PRJ_5825'),
       ('db6c4f85-8e5d-478a-8c60-cd279be7b884', 'PRJ_6553'),
       ('db6c4f85-8e5d-478a-8c60-cd279be7b884', 'PRJ_6554'),
       ('db6c4f85-8e5d-478a-8c60-cd279be7b884', 'PRJ_6555'),
       ('db6c4f85-8e5d-478a-8c60-cd279be7b884', 'PRJ_6556'),
       ('db6c4f85-8e5d-478a-8c60-cd279be7b884', 'PRJ_6557'),
       ('db6c4f85-8e5d-478a-8c60-cd279be7b884', 'PRJ_6558'),
       ('db6c4f85-8e5d-478a-8c60-cd279be7b884', 'PRJ_6559'),
       ('db6c4f85-8e5d-478a-8c60-cd279be7b884', 'PRJ_6560'),
       ('db6c4f85-8e5d-478a-8c60-cd279be7b884', 'PRJ_7283_E'),
       ('db6c4f85-8e5d-478a-8c60-cd279be7b884', 'PRJ_7283_N'),
       ('db6c4f85-8e5d-478a-8c60-cd279be7b884', 'PRJ_7283_S');

INSERT INTO desired_outcome_filter_rule_match_data (desired_outcome_filter_rule_id, match_data)
VALUES ('b34594f7-c0a7-4431-8afd-6784e1dddf83', 'CCS_0001'),
       ('b34594f7-c0a7-4431-8afd-6784e1dddf83', 'CCS_0002'),
       ('b34594f7-c0a7-4431-8afd-6784e1dddf83', 'PRJ_12498_GWENT'),
       ('b34594f7-c0a7-4431-8afd-6784e1dddf83', 'PRJ_12498_SOUTHWALES'),
       ('b34594f7-c0a7-4431-8afd-6784e1dddf83', 'PRJ_12502_DYFEDPOWYS'),
       ('b34594f7-c0a7-4431-8afd-6784e1dddf83', 'PRJ_12502_NORTHWALES'),
       ('b34594f7-c0a7-4431-8afd-6784e1dddf83', 'PRJ_5750'),
       ('b34594f7-c0a7-4431-8afd-6784e1dddf83', 'PRJ_5751'),
       ('b34594f7-c0a7-4431-8afd-6784e1dddf83', 'PRJ_5752'),
       ('b34594f7-c0a7-4431-8afd-6784e1dddf83', 'PRJ_5753'),
       ('b34594f7-c0a7-4431-8afd-6784e1dddf83', 'PRJ_5764'),
       ('b34594f7-c0a7-4431-8afd-6784e1dddf83', 'PRJ_5776'),
       ('b34594f7-c0a7-4431-8afd-6784e1dddf83', 'PRJ_5779'),
       ('b34594f7-c0a7-4431-8afd-6784e1dddf83', 'PRJ_5780'),
       ('b34594f7-c0a7-4431-8afd-6784e1dddf83', 'PRJ_5781'),
       ('b34594f7-c0a7-4431-8afd-6784e1dddf83', 'PRJ_5789'),
       ('b34594f7-c0a7-4431-8afd-6784e1dddf83', 'PRJ_5790'),
       ('b34594f7-c0a7-4431-8afd-6784e1dddf83', 'PRJ_5791'),
       ('b34594f7-c0a7-4431-8afd-6784e1dddf83', 'PRJ_5792'),
       ('b34594f7-c0a7-4431-8afd-6784e1dddf83', 'PRJ_5793'),
       ('b34594f7-c0a7-4431-8afd-6784e1dddf83', 'PRJ_5794'),
       ('b34594f7-c0a7-4431-8afd-6784e1dddf83', 'PRJ_5795'),
       ('b34594f7-c0a7-4431-8afd-6784e1dddf83', 'PRJ_5798'),
       ('b34594f7-c0a7-4431-8afd-6784e1dddf83', 'PRJ_5799'),
       ('b34594f7-c0a7-4431-8afd-6784e1dddf83', 'PRJ_5802'),
       ('b34594f7-c0a7-4431-8afd-6784e1dddf83', 'PRJ_5803'),
       ('b34594f7-c0a7-4431-8afd-6784e1dddf83', 'PRJ_5806'),
       ('b34594f7-c0a7-4431-8afd-6784e1dddf83', 'PRJ_5809'),
       ('b34594f7-c0a7-4431-8afd-6784e1dddf83', 'PRJ_5813'),
       ('b34594f7-c0a7-4431-8afd-6784e1dddf83', 'PRJ_5815'),
       ('b34594f7-c0a7-4431-8afd-6784e1dddf83', 'PRJ_5817'),
       ('b34594f7-c0a7-4431-8afd-6784e1dddf83', 'PRJ_5818'),
       ('b34594f7-c0a7-4431-8afd-6784e1dddf83', 'PRJ_5819'),
       ('b34594f7-c0a7-4431-8afd-6784e1dddf83', 'PRJ_5821'),
       ('b34594f7-c0a7-4431-8afd-6784e1dddf83', 'PRJ_5822'),
       ('b34594f7-c0a7-4431-8afd-6784e1dddf83', 'PRJ_5823'),
       ('b34594f7-c0a7-4431-8afd-6784e1dddf83', 'PRJ_5824'),
       ('b34594f7-c0a7-4431-8afd-6784e1dddf83', 'PRJ_5825'),
       ('b34594f7-c0a7-4431-8afd-6784e1dddf83', 'PRJ_6553'),
       ('b34594f7-c0a7-4431-8afd-6784e1dddf83', 'PRJ_6554'),
       ('b34594f7-c0a7-4431-8afd-6784e1dddf83', 'PRJ_6555'),
       ('b34594f7-c0a7-4431-8afd-6784e1dddf83', 'PRJ_6556'),
       ('b34594f7-c0a7-4431-8afd-6784e1dddf83', 'PRJ_6557'),
       ('b34594f7-c0a7-4431-8afd-6784e1dddf83', 'PRJ_6558'),
       ('b34594f7-c0a7-4431-8afd-6784e1dddf83', 'PRJ_6559'),
       ('b34594f7-c0a7-4431-8afd-6784e1dddf83', 'PRJ_6560'),
       ('b34594f7-c0a7-4431-8afd-6784e1dddf83', 'PRJ_7283_E'),
       ('b34594f7-c0a7-4431-8afd-6784e1dddf83', 'PRJ_7283_N'),
       ('b34594f7-c0a7-4431-8afd-6784e1dddf83', 'PRJ_7283_S');

INSERT INTO desired_outcome_filter_rule_match_data (desired_outcome_filter_rule_id, match_data)
VALUES ('ff4da7fa-9630-466b-b1ab-3c34b8eaa660', 'CCS_0001'),
       ('ff4da7fa-9630-466b-b1ab-3c34b8eaa660', 'CCS_0002'),
       ('ff4da7fa-9630-466b-b1ab-3c34b8eaa660', 'PRJ_12498_GWENT'),
       ('ff4da7fa-9630-466b-b1ab-3c34b8eaa660', 'PRJ_12498_SOUTHWALES'),
       ('ff4da7fa-9630-466b-b1ab-3c34b8eaa660', 'PRJ_12502_DYFEDPOWYS'),
       ('ff4da7fa-9630-466b-b1ab-3c34b8eaa660', 'PRJ_12502_NORTHWALES'),
       ('ff4da7fa-9630-466b-b1ab-3c34b8eaa660', 'PRJ_5750'),
       ('ff4da7fa-9630-466b-b1ab-3c34b8eaa660', 'PRJ_5751'),
       ('ff4da7fa-9630-466b-b1ab-3c34b8eaa660', 'PRJ_5752'),
       ('ff4da7fa-9630-466b-b1ab-3c34b8eaa660', 'PRJ_5753'),
       ('ff4da7fa-9630-466b-b1ab-3c34b8eaa660', 'PRJ_5764'),
       ('ff4da7fa-9630-466b-b1ab-3c34b8eaa660', 'PRJ_5776'),
       ('ff4da7fa-9630-466b-b1ab-3c34b8eaa660', 'PRJ_5779'),
       ('ff4da7fa-9630-466b-b1ab-3c34b8eaa660', 'PRJ_5780'),
       ('ff4da7fa-9630-466b-b1ab-3c34b8eaa660', 'PRJ_5781'),
       ('ff4da7fa-9630-466b-b1ab-3c34b8eaa660', 'PRJ_5789'),
       ('ff4da7fa-9630-466b-b1ab-3c34b8eaa660', 'PRJ_5790'),
       ('ff4da7fa-9630-466b-b1ab-3c34b8eaa660', 'PRJ_5791'),
       ('ff4da7fa-9630-466b-b1ab-3c34b8eaa660', 'PRJ_5792'),
       ('ff4da7fa-9630-466b-b1ab-3c34b8eaa660', 'PRJ_5793'),
       ('ff4da7fa-9630-466b-b1ab-3c34b8eaa660', 'PRJ_5794'),
       ('ff4da7fa-9630-466b-b1ab-3c34b8eaa660', 'PRJ_5795'),
       ('ff4da7fa-9630-466b-b1ab-3c34b8eaa660', 'PRJ_5798'),
       ('ff4da7fa-9630-466b-b1ab-3c34b8eaa660', 'PRJ_5799'),
       ('ff4da7fa-9630-466b-b1ab-3c34b8eaa660', 'PRJ_5802'),
       ('ff4da7fa-9630-466b-b1ab-3c34b8eaa660', 'PRJ_5803'),
       ('ff4da7fa-9630-466b-b1ab-3c34b8eaa660', 'PRJ_5806'),
       ('ff4da7fa-9630-466b-b1ab-3c34b8eaa660', 'PRJ_5809'),
       ('ff4da7fa-9630-466b-b1ab-3c34b8eaa660', 'PRJ_5813'),
       ('ff4da7fa-9630-466b-b1ab-3c34b8eaa660', 'PRJ_5815'),
       ('ff4da7fa-9630-466b-b1ab-3c34b8eaa660', 'PRJ_5817'),
       ('ff4da7fa-9630-466b-b1ab-3c34b8eaa660', 'PRJ_5818'),
       ('ff4da7fa-9630-466b-b1ab-3c34b8eaa660', 'PRJ_5819'),
       ('ff4da7fa-9630-466b-b1ab-3c34b8eaa660', 'PRJ_5821'),
       ('ff4da7fa-9630-466b-b1ab-3c34b8eaa660', 'PRJ_5822'),
       ('ff4da7fa-9630-466b-b1ab-3c34b8eaa660', 'PRJ_5823'),
       ('ff4da7fa-9630-466b-b1ab-3c34b8eaa660', 'PRJ_5824'),
       ('ff4da7fa-9630-466b-b1ab-3c34b8eaa660', 'PRJ_5825'),
       ('ff4da7fa-9630-466b-b1ab-3c34b8eaa660', 'PRJ_6553'),
       ('ff4da7fa-9630-466b-b1ab-3c34b8eaa660', 'PRJ_6554'),
       ('ff4da7fa-9630-466b-b1ab-3c34b8eaa660', 'PRJ_6555'),
       ('ff4da7fa-9630-466b-b1ab-3c34b8eaa660', 'PRJ_6556'),
       ('ff4da7fa-9630-466b-b1ab-3c34b8eaa660', 'PRJ_6557'),
       ('ff4da7fa-9630-466b-b1ab-3c34b8eaa660', 'PRJ_6558'),
       ('ff4da7fa-9630-466b-b1ab-3c34b8eaa660', 'PRJ_6559'),
       ('ff4da7fa-9630-466b-b1ab-3c34b8eaa660', 'PRJ_6560'),
       ('ff4da7fa-9630-466b-b1ab-3c34b8eaa660', 'PRJ_7283_E'),
       ('ff4da7fa-9630-466b-b1ab-3c34b8eaa660', 'PRJ_7283_N'),
       ('ff4da7fa-9630-466b-b1ab-3c34b8eaa660', 'PRJ_7283_S');

INSERT INTO desired_outcome_filter_rule_match_data (desired_outcome_filter_rule_id, match_data)
VALUES ('caa7d73b-6b53-4287-9064-82f38d01c19b', 'CCS_0001'),
       ('caa7d73b-6b53-4287-9064-82f38d01c19b', 'CCS_0002'),
       ('caa7d73b-6b53-4287-9064-82f38d01c19b', 'PRJ_12498_GWENT'),
       ('caa7d73b-6b53-4287-9064-82f38d01c19b', 'PRJ_12498_SOUTHWALES'),
       ('caa7d73b-6b53-4287-9064-82f38d01c19b', 'PRJ_12502_DYFEDPOWYS'),
       ('caa7d73b-6b53-4287-9064-82f38d01c19b', 'PRJ_12502_NORTHWALES'),
       ('caa7d73b-6b53-4287-9064-82f38d01c19b', 'PRJ_5750'),
       ('caa7d73b-6b53-4287-9064-82f38d01c19b', 'PRJ_5751'),
       ('caa7d73b-6b53-4287-9064-82f38d01c19b', 'PRJ_5752'),
       ('caa7d73b-6b53-4287-9064-82f38d01c19b', 'PRJ_5753'),
       ('caa7d73b-6b53-4287-9064-82f38d01c19b', 'PRJ_5764'),
       ('caa7d73b-6b53-4287-9064-82f38d01c19b', 'PRJ_5776'),
       ('caa7d73b-6b53-4287-9064-82f38d01c19b', 'PRJ_5779'),
       ('caa7d73b-6b53-4287-9064-82f38d01c19b', 'PRJ_5780'),
       ('caa7d73b-6b53-4287-9064-82f38d01c19b', 'PRJ_5781'),
       ('caa7d73b-6b53-4287-9064-82f38d01c19b', 'PRJ_5789'),
       ('caa7d73b-6b53-4287-9064-82f38d01c19b', 'PRJ_5790'),
       ('caa7d73b-6b53-4287-9064-82f38d01c19b', 'PRJ_5791'),
       ('caa7d73b-6b53-4287-9064-82f38d01c19b', 'PRJ_5792'),
       ('caa7d73b-6b53-4287-9064-82f38d01c19b', 'PRJ_5793'),
       ('caa7d73b-6b53-4287-9064-82f38d01c19b', 'PRJ_5794'),
       ('caa7d73b-6b53-4287-9064-82f38d01c19b', 'PRJ_5795'),
       ('caa7d73b-6b53-4287-9064-82f38d01c19b', 'PRJ_5798'),
       ('caa7d73b-6b53-4287-9064-82f38d01c19b', 'PRJ_5799'),
       ('caa7d73b-6b53-4287-9064-82f38d01c19b', 'PRJ_5802'),
       ('caa7d73b-6b53-4287-9064-82f38d01c19b', 'PRJ_5803'),
       ('caa7d73b-6b53-4287-9064-82f38d01c19b', 'PRJ_5806'),
       ('caa7d73b-6b53-4287-9064-82f38d01c19b', 'PRJ_5809'),
       ('caa7d73b-6b53-4287-9064-82f38d01c19b', 'PRJ_5813'),
       ('caa7d73b-6b53-4287-9064-82f38d01c19b', 'PRJ_5815'),
       ('caa7d73b-6b53-4287-9064-82f38d01c19b', 'PRJ_5817'),
       ('caa7d73b-6b53-4287-9064-82f38d01c19b', 'PRJ_5818'),
       ('caa7d73b-6b53-4287-9064-82f38d01c19b', 'PRJ_5819'),
       ('caa7d73b-6b53-4287-9064-82f38d01c19b', 'PRJ_5821'),
       ('caa7d73b-6b53-4287-9064-82f38d01c19b', 'PRJ_5822'),
       ('caa7d73b-6b53-4287-9064-82f38d01c19b', 'PRJ_5823'),
       ('caa7d73b-6b53-4287-9064-82f38d01c19b', 'PRJ_5824'),
       ('caa7d73b-6b53-4287-9064-82f38d01c19b', 'PRJ_5825'),
       ('caa7d73b-6b53-4287-9064-82f38d01c19b', 'PRJ_6553'),
       ('caa7d73b-6b53-4287-9064-82f38d01c19b', 'PRJ_6554'),
       ('caa7d73b-6b53-4287-9064-82f38d01c19b', 'PRJ_6555'),
       ('caa7d73b-6b53-4287-9064-82f38d01c19b', 'PRJ_6556'),
       ('caa7d73b-6b53-4287-9064-82f38d01c19b', 'PRJ_6557'),
       ('caa7d73b-6b53-4287-9064-82f38d01c19b', 'PRJ_6558'),
       ('caa7d73b-6b53-4287-9064-82f38d01c19b', 'PRJ_6559'),
       ('caa7d73b-6b53-4287-9064-82f38d01c19b', 'PRJ_6560'),
       ('caa7d73b-6b53-4287-9064-82f38d01c19b', 'PRJ_7283_E'),
       ('caa7d73b-6b53-4287-9064-82f38d01c19b', 'PRJ_7283_N'),
       ('caa7d73b-6b53-4287-9064-82f38d01c19b', 'PRJ_7283_S');

INSERT INTO desired_outcome_filter_rule_match_data (desired_outcome_filter_rule_id, match_data)
VALUES ('deb557d4-26a0-4360-8210-3e084392b357', 'CCS_0001'),
       ('deb557d4-26a0-4360-8210-3e084392b357', 'CCS_0002'),
       ('deb557d4-26a0-4360-8210-3e084392b357', 'PRJ_12498_GWENT'),
       ('deb557d4-26a0-4360-8210-3e084392b357', 'PRJ_12498_SOUTHWALES'),
       ('deb557d4-26a0-4360-8210-3e084392b357', 'PRJ_12502_DYFEDPOWYS'),
       ('deb557d4-26a0-4360-8210-3e084392b357', 'PRJ_12502_NORTHWALES'),
       ('deb557d4-26a0-4360-8210-3e084392b357', 'PRJ_5750'),
       ('deb557d4-26a0-4360-8210-3e084392b357', 'PRJ_5751'),
       ('deb557d4-26a0-4360-8210-3e084392b357', 'PRJ_5752'),
       ('deb557d4-26a0-4360-8210-3e084392b357', 'PRJ_5753'),
       ('deb557d4-26a0-4360-8210-3e084392b357', 'PRJ_5764'),
       ('deb557d4-26a0-4360-8210-3e084392b357', 'PRJ_5776'),
       ('deb557d4-26a0-4360-8210-3e084392b357', 'PRJ_5779'),
       ('deb557d4-26a0-4360-8210-3e084392b357', 'PRJ_5780'),
       ('deb557d4-26a0-4360-8210-3e084392b357', 'PRJ_5781'),
       ('deb557d4-26a0-4360-8210-3e084392b357', 'PRJ_5789'),
       ('deb557d4-26a0-4360-8210-3e084392b357', 'PRJ_5790'),
       ('deb557d4-26a0-4360-8210-3e084392b357', 'PRJ_5791'),
       ('deb557d4-26a0-4360-8210-3e084392b357', 'PRJ_5792'),
       ('deb557d4-26a0-4360-8210-3e084392b357', 'PRJ_5793'),
       ('deb557d4-26a0-4360-8210-3e084392b357', 'PRJ_5794'),
       ('deb557d4-26a0-4360-8210-3e084392b357', 'PRJ_5795'),
       ('deb557d4-26a0-4360-8210-3e084392b357', 'PRJ_5798'),
       ('deb557d4-26a0-4360-8210-3e084392b357', 'PRJ_5799'),
       ('deb557d4-26a0-4360-8210-3e084392b357', 'PRJ_5802'),
       ('deb557d4-26a0-4360-8210-3e084392b357', 'PRJ_5803'),
       ('deb557d4-26a0-4360-8210-3e084392b357', 'PRJ_5806'),
       ('deb557d4-26a0-4360-8210-3e084392b357', 'PRJ_5809'),
       ('deb557d4-26a0-4360-8210-3e084392b357', 'PRJ_5813'),
       ('deb557d4-26a0-4360-8210-3e084392b357', 'PRJ_5815'),
       ('deb557d4-26a0-4360-8210-3e084392b357', 'PRJ_5817'),
       ('deb557d4-26a0-4360-8210-3e084392b357', 'PRJ_5818'),
       ('deb557d4-26a0-4360-8210-3e084392b357', 'PRJ_5819'),
       ('deb557d4-26a0-4360-8210-3e084392b357', 'PRJ_5821'),
       ('deb557d4-26a0-4360-8210-3e084392b357', 'PRJ_5822'),
       ('deb557d4-26a0-4360-8210-3e084392b357', 'PRJ_5823'),
       ('deb557d4-26a0-4360-8210-3e084392b357', 'PRJ_5824'),
       ('deb557d4-26a0-4360-8210-3e084392b357', 'PRJ_5825'),
       ('deb557d4-26a0-4360-8210-3e084392b357', 'PRJ_6553'),
       ('deb557d4-26a0-4360-8210-3e084392b357', 'PRJ_6554'),
       ('deb557d4-26a0-4360-8210-3e084392b357', 'PRJ_6555'),
       ('deb557d4-26a0-4360-8210-3e084392b357', 'PRJ_6556'),
       ('deb557d4-26a0-4360-8210-3e084392b357', 'PRJ_6557'),
       ('deb557d4-26a0-4360-8210-3e084392b357', 'PRJ_6558'),
       ('deb557d4-26a0-4360-8210-3e084392b357', 'PRJ_6559'),
       ('deb557d4-26a0-4360-8210-3e084392b357', 'PRJ_6560'),
       ('deb557d4-26a0-4360-8210-3e084392b357', 'PRJ_7283_E'),
       ('deb557d4-26a0-4360-8210-3e084392b357', 'PRJ_7283_N'),
       ('deb557d4-26a0-4360-8210-3e084392b357', 'PRJ_7283_S');

INSERT INTO desired_outcome_filter_rule_match_data (desired_outcome_filter_rule_id, match_data)
VALUES ('58b9de68-c78e-4412-8a08-c826dcdf372b', 'CCS_0001'),
       ('58b9de68-c78e-4412-8a08-c826dcdf372b', 'CCS_0002'),
       ('58b9de68-c78e-4412-8a08-c826dcdf372b', 'PRJ_12498_GWENT'),
       ('58b9de68-c78e-4412-8a08-c826dcdf372b', 'PRJ_12498_SOUTHWALES'),
       ('58b9de68-c78e-4412-8a08-c826dcdf372b', 'PRJ_12502_DYFEDPOWYS'),
       ('58b9de68-c78e-4412-8a08-c826dcdf372b', 'PRJ_12502_NORTHWALES'),
       ('58b9de68-c78e-4412-8a08-c826dcdf372b', 'PRJ_5750'),
       ('58b9de68-c78e-4412-8a08-c826dcdf372b', 'PRJ_5751'),
       ('58b9de68-c78e-4412-8a08-c826dcdf372b', 'PRJ_5752'),
       ('58b9de68-c78e-4412-8a08-c826dcdf372b', 'PRJ_5753'),
       ('58b9de68-c78e-4412-8a08-c826dcdf372b', 'PRJ_5764'),
       ('58b9de68-c78e-4412-8a08-c826dcdf372b', 'PRJ_5776'),
       ('58b9de68-c78e-4412-8a08-c826dcdf372b', 'PRJ_5779'),
       ('58b9de68-c78e-4412-8a08-c826dcdf372b', 'PRJ_5780'),
       ('58b9de68-c78e-4412-8a08-c826dcdf372b', 'PRJ_5781'),
       ('58b9de68-c78e-4412-8a08-c826dcdf372b', 'PRJ_5789'),
       ('58b9de68-c78e-4412-8a08-c826dcdf372b', 'PRJ_5790'),
       ('58b9de68-c78e-4412-8a08-c826dcdf372b', 'PRJ_5791'),
       ('58b9de68-c78e-4412-8a08-c826dcdf372b', 'PRJ_5792'),
       ('58b9de68-c78e-4412-8a08-c826dcdf372b', 'PRJ_5793'),
       ('58b9de68-c78e-4412-8a08-c826dcdf372b', 'PRJ_5794'),
       ('58b9de68-c78e-4412-8a08-c826dcdf372b', 'PRJ_5795'),
       ('58b9de68-c78e-4412-8a08-c826dcdf372b', 'PRJ_5798'),
       ('58b9de68-c78e-4412-8a08-c826dcdf372b', 'PRJ_5799'),
       ('58b9de68-c78e-4412-8a08-c826dcdf372b', 'PRJ_5802'),
       ('58b9de68-c78e-4412-8a08-c826dcdf372b', 'PRJ_5803'),
       ('58b9de68-c78e-4412-8a08-c826dcdf372b', 'PRJ_5806'),
       ('58b9de68-c78e-4412-8a08-c826dcdf372b', 'PRJ_5809'),
       ('58b9de68-c78e-4412-8a08-c826dcdf372b', 'PRJ_5813'),
       ('58b9de68-c78e-4412-8a08-c826dcdf372b', 'PRJ_5815'),
       ('58b9de68-c78e-4412-8a08-c826dcdf372b', 'PRJ_5817'),
       ('58b9de68-c78e-4412-8a08-c826dcdf372b', 'PRJ_5818'),
       ('58b9de68-c78e-4412-8a08-c826dcdf372b', 'PRJ_5819'),
       ('58b9de68-c78e-4412-8a08-c826dcdf372b', 'PRJ_5821'),
       ('58b9de68-c78e-4412-8a08-c826dcdf372b', 'PRJ_5822'),
       ('58b9de68-c78e-4412-8a08-c826dcdf372b', 'PRJ_5823'),
       ('58b9de68-c78e-4412-8a08-c826dcdf372b', 'PRJ_5824'),
       ('58b9de68-c78e-4412-8a08-c826dcdf372b', 'PRJ_5825'),
       ('58b9de68-c78e-4412-8a08-c826dcdf372b', 'PRJ_6553'),
       ('58b9de68-c78e-4412-8a08-c826dcdf372b', 'PRJ_6554'),
       ('58b9de68-c78e-4412-8a08-c826dcdf372b', 'PRJ_6555'),
       ('58b9de68-c78e-4412-8a08-c826dcdf372b', 'PRJ_6556'),
       ('58b9de68-c78e-4412-8a08-c826dcdf372b', 'PRJ_6557'),
       ('58b9de68-c78e-4412-8a08-c826dcdf372b', 'PRJ_6558'),
       ('58b9de68-c78e-4412-8a08-c826dcdf372b', 'PRJ_6559'),
       ('58b9de68-c78e-4412-8a08-c826dcdf372b', 'PRJ_6560'),
       ('58b9de68-c78e-4412-8a08-c826dcdf372b', 'PRJ_7283_E'),
       ('58b9de68-c78e-4412-8a08-c826dcdf372b', 'PRJ_7283_N'),
       ('58b9de68-c78e-4412-8a08-c826dcdf372b', 'PRJ_7283_S');