insert into service_category (id, created, name)
values ('17c514b3-947c-439c-b7cb-b2779429feb8', '2023-10-16 21:31:18.822156 +00:00',
        'Finance, Benefit and Debt (South West)'),
       ('d9cd7b8b-2ce0-4553-8f56-a7ecfa5cc9e5', '2024-03-25 17:01:36.032828 +00:00',
        'Dependency and Recovery (South West)'),
       ('68084e67-064a-4a19-8244-ec37e99a4fd4', '2024-05-29 13:01:15.766881 +00:00',
        'Finance, Benefit and Debt (Stockport)'),
       ('561981f5-8a2e-4e71-a19b-41e0b3dcc66a', '2024-05-29 13:01:15.904620 +00:00',
        'Finance, Benefit and Debt (Bolton)'),
       ('40251185-a6d4-4107-b3d3-cfef2db71e37', '2024-05-29 13:01:16.065968 +00:00',
        'Finance, Benefit and Debt (Trafford)'),
       ('7f8148ca-d07a-4769-a512-0b66284ef793', '2024-05-29 13:01:16.169477 +00:00',
        'Finance, Benefit and Debt (Rochdale)'),
       ('45f21165-1108-4945-b16a-69fd79658628', '2024-05-29 13:01:16.268119 +00:00',
        'Finance, Benefit and Debt (Salford)'),
       ('f2c40b64-d5ef-4ce4-993e-039d509d903d', '2024-05-29 13:01:16.370206 +00:00',
        'Finance, Benefit and Debt (Bury)'),
       ('2b6bfd96-6838-4f1f-81b3-fe4a11696575', '2024-05-29 13:01:16.467706 +00:00',
        'Finance, Benefit and Debt (Manchester)'),
       ('c61f93f1-99b5-45a7-b470-24a6d981692a', '2024-05-29 13:01:16.567541 +00:00',
        'Finance, Benefit and Debt (Tameside)'),
       ('c7c9416f-e83a-41fa-bc56-8429907cdd9f', '2024-05-29 13:01:16.612203 +00:00',
        'Finance, Benefit and Debt (Wigan)'),
       ('53563c71-de95-484c-992b-9d76de8089f7', '2024-06-01 15:49:21.077348 +00:00',
        'Finance, Benefit and Debt (Oldham)');

insert into complexity_level (id, title, description, service_category_id, complexity)
values ('a68801b7-181f-4a13-bbf7-4ffe4de37e17', 'Low complexity',
        'Service user has prior experience of successfully dealing with their own finance, benefit and debt needs. Service users circumstances may be currently leading to significant financial pressure. Service user will require some advice, guidance and/or support across some specific but limited finance, benefit and debt needs, but will be able to support themselves with other aspects.',
        '17c514b3-947c-439c-b7cb-b2779429feb8', 'LOW'),
       ('932169a2-6813-4057-a828-40547c5925e3', 'Medium complexity',
        'Service user has limited prior experience of successfully dealing with their own finance, benefit and debt needs. Service users circumstances are currently leading to significant financial pressure and they require support to address these needs. Service user will need either significant support to meet a limited number of needs – for instance the Service user may have additional needs (i.e. learning difficulties) or other challenges which impact on their ability to fully manage – or they will need limited support to meet a wider range of finance, benefit and debt - related needs.',
        '17c514b3-947c-439c-b7cb-b2779429feb8', 'MEDIUM'),
       ('31fff201-25c5-40fe-a1c4-7444ab40e987', 'High complexity',
        'Service user has minimal or no prior experience of successfully dealing with their own finance, benefit and debt needs and does not have necessary identification documents or bank account. Service users circumstances are currently leading to extreme financial pressure and/or they have complex finance, benefit and debt-related needs which require a range of Activities to address these needs. Service user may have a poor finance history and wider complex needs, such as mental health issues, substance misuse and/or addiction issues.',
        '17c514b3-947c-439c-b7cb-b2779429feb8', 'HIGH'),
       ('dcee082b-ddbb-4fce-9bbd-070127716941', 'Low complexity',
        'Person(s) on Probation who is highly motivated and has had sustained period of abstinence. Person(s) on Probation has successfully engaged in a period of treatment but requires support to sustain recovery.',
        'd9cd7b8b-2ce0-4553-8f56-a7ecfa5cc9e5', 'LOW'),
       ('9fe31645-8d79-4306-9da0-2533ee0c725e', 'Medium complexity',
        'Person(s) on Probations who has had lapses/crises that may lead to relapse and/or is at a transition point, e.g. from prison into community. Person(s) on Probation has a moderate level of motivation but requires a high level of support for dependencies linked to re-offending. Person(s) on Probations who are subject to a Community Sentence Treatment Requirement and need wraparound support to aid engagement. Person(s) on Probation does not meet the threshold for secondary provision treatment services and/or are deemed unsuitable following assessment for treatment as part of a Community Sentence Treatment Requirement.',
        'd9cd7b8b-2ce0-4553-8f56-a7ecfa5cc9e5', 'MEDIUM'),
       ('6e77cad6-50ac-4a68-8622-52a28f9403d7', 'High complexity',
        'Person(s) on Probations may include those with chronic substance misuse issues, those with additional needs which might include dual diagnosis and/or a chaotic lifestyle linked to their dependency. Person(s) on Probation does not meet the threshold for secondary provision treatment services and/or are deemed unsuitable following assessment for treatment as part of a Community Sentence Treatment Requirement. However, Person(s) on Probation has identifiable substance misuse, alcohol misuse, prescription medication misuse, or other dependencies linked to re-offending. Person(s) on Probation has a history of poor engagement with treatment services and requires a high level of motivation and support to engage with treatment.',
        'd9cd7b8b-2ce0-4553-8f56-a7ecfa5cc9e5', 'HIGH'),
       ('8247528b-8a76-4c09-8b6d-2c0402958213', 'Low complexity',
        'Service user has prior experience of successfully dealing with their own finance, benefit and debt needs. Service users circumstances may be currently leading to significant financial pressure. Service user will require some advice, guidance and/or support across some specific but limited finance, benefit and debt needs, but will be able to support themselves with other aspects.',
        '68084e67-064a-4a19-8244-ec37e99a4fd4', 'LOW'),
       ('e3abfae9-3012-4328-acd0-d1858de8c096', 'Medium complexity',
        'Service user has limited prior experience of successfully dealing with their own finance, benefit and debt needs. Service users circumstances are currently leading to significant financial pressure and they require support to address these needs. Service user will need either significant support to meet a limited number of needs – for instance the Service user may have additional needs (i.e. learning difficulties) or other challenges which impact on their ability to fully manage – or they will need limited support to meet a wider range of finance, benefit and debt - related needs.',
        '68084e67-064a-4a19-8244-ec37e99a4fd4', 'MEDIUM'),
       ('3a53681f-54b2-406d-8494-4f6ee6cb0cc8', 'High complexity',
        'Service user has minimal or no prior experience of successfully dealing with their own finance, benefit and debt needs and does not have necessary identification documents or bank account. Service users circumstances are currently leading to extreme financial pressure and/or they have complex finance, benefit and debt-related needs which require a range of Activities to address these needs. Service user may have a poor finance history and wider complex needs, such as mental health issues, substance misuse and/or addiction issues.',
        '68084e67-064a-4a19-8244-ec37e99a4fd4', 'HIGH'),
       ('0b5e5ccb-788b-483b-a8e4-d3994e276373', 'Low complexity',
        'Service user has prior experience of successfully dealing with their own finance, benefit and debt needs. Service users circumstances may be currently leading to significant financial pressure. Service user will require some advice, guidance and/or support across some specific but limited finance, benefit and debt needs, but will be able to support themselves with other aspects.',
        '561981f5-8a2e-4e71-a19b-41e0b3dcc66a', 'LOW'),
       ('b64e06e6-8bbd-4291-9751-8c52dc29913d', 'Medium complexity',
        'Service user has limited prior experience of successfully dealing with their own finance, benefit and debt needs. Service users circumstances are currently leading to significant financial pressure and they require support to address these needs. Service user will need either significant support to meet a limited number of needs – for instance the Service user may have additional needs (i.e. learning difficulties) or other challenges which impact on their ability to fully manage – or they will need limited support to meet a wider range of finance, benefit and debt - related needs.',
        '561981f5-8a2e-4e71-a19b-41e0b3dcc66a', 'MEDIUM'),
       ('9823f58a-3bd2-4f5d-b9c9-019adcc6e565', 'High complexity',
        'Service user has minimal or no prior experience of successfully dealing with their own finance, benefit and debt needs and does not have necessary identification documents or bank account. Service users circumstances are currently leading to extreme financial pressure and/or they have complex finance, benefit and debt-related needs which require a range of Activities to address these needs. Service user may have a poor finance history and wider complex needs, such as mental health issues, substance misuse and/or addiction issues.',
        '561981f5-8a2e-4e71-a19b-41e0b3dcc66a', 'HIGH'),
       ('45f1d385-0e37-43c8-9a08-6d9f9de9237c', 'Low complexity',
        'Service user has prior experience of successfully dealing with their own finance, benefit and debt needs. Service users circumstances may be currently leading to significant financial pressure. Service user will require some advice, guidance and/or support across some specific but limited finance, benefit and debt needs, but will be able to support themselves with other aspects.',
        '40251185-a6d4-4107-b3d3-cfef2db71e37', 'LOW'),
       ('b055875a-97e0-4d96-97a3-3f7a6e4ce99a', 'Medium complexity',
        'Service user has limited prior experience of successfully dealing with their own finance, benefit and debt needs. Service users circumstances are currently leading to significant financial pressure and they require support to address these needs. Service user will need either significant support to meet a limited number of needs – for instance the Service user may have additional needs (i.e. learning difficulties) or other challenges which impact on their ability to fully manage – or they will need limited support to meet a wider range of finance, benefit and debt - related needs.',
        '40251185-a6d4-4107-b3d3-cfef2db71e37', 'MEDIUM'),
       ('88aa9f00-fb77-4457-a971-dcfa8762fd3f', 'High complexity',
        'Service user has minimal or no prior experience of successfully dealing with their own finance, benefit and debt needs and does not have necessary identification documents or bank account. Service users circumstances are currently leading to extreme financial pressure and/or they have complex finance, benefit and debt-related needs which require a range of Activities to address these needs. Service user may have a poor finance history and wider complex needs, such as mental health issues, substance misuse and/or addiction issues.',
        '40251185-a6d4-4107-b3d3-cfef2db71e37', 'HIGH'),
       ('179b1dcd-caae-4c72-827a-6a0d7aa6b634', 'Low complexity',
        'Service user has prior experience of successfully dealing with their own finance, benefit and debt needs. Service users circumstances may be currently leading to significant financial pressure. Service user will require some advice, guidance and/or support across some specific but limited finance, benefit and debt needs, but will be able to support themselves with other aspects.',
        '7f8148ca-d07a-4769-a512-0b66284ef793', 'LOW'),
       ('a06efd01-1990-4342-9f3d-99ce39f0dab1', 'Medium complexity',
        'Service user has limited prior experience of successfully dealing with their own finance, benefit and debt needs. Service users circumstances are currently leading to significant financial pressure and they require support to address these needs. Service user will need either significant support to meet a limited number of needs – for instance the Service user may have additional needs (i.e. learning difficulties) or other challenges which impact on their ability to fully manage – or they will need limited support to meet a wider range of finance, benefit and debt - related needs.',
        '7f8148ca-d07a-4769-a512-0b66284ef793', 'MEDIUM'),
       ('10133c4e-313e-4012-87de-a792c702f5fa', 'High complexity',
        'Service user has minimal or no prior experience of successfully dealing with their own finance, benefit and debt needs and does not have necessary identification documents or bank account. Service users circumstances are currently leading to extreme financial pressure and/or they have complex finance, benefit and debt-related needs which require a range of Activities to address these needs. Service user may have a poor finance history and wider complex needs, such as mental health issues, substance misuse and/or addiction issues.',
        '7f8148ca-d07a-4769-a512-0b66284ef793', 'HIGH'),
       ('8f5780a4-c222-4370-bc31-5235aa81c284', 'Low complexity',
        'Service user has prior experience of successfully dealing with their own finance, benefit and debt needs. Service users circumstances may be currently leading to significant financial pressure. Service user will require some advice, guidance and/or support across some specific but limited finance, benefit and debt needs, but will be able to support themselves with other aspects.',
        '45f21165-1108-4945-b16a-69fd79658628', 'LOW'),
       ('0bde4cd8-b70d-48a4-9861-2812c6550d99', 'Medium complexity',
        'Service user has limited prior experience of successfully dealing with their own finance, benefit and debt needs. Service users circumstances are currently leading to significant financial pressure and they require support to address these needs. Service user will need either significant support to meet a limited number of needs – for instance the Service user may have additional needs (i.e. learning difficulties) or other challenges which impact on their ability to fully manage – or they will need limited support to meet a wider range of finance, benefit and debt - related needs.',
        '45f21165-1108-4945-b16a-69fd79658628', 'MEDIUM'),
       ('90a90a44-2a47-43f8-9855-7786ca92d707', 'High complexity',
        'Service user has minimal or no prior experience of successfully dealing with their own finance, benefit and debt needs and does not have necessary identification documents or bank account. Service users circumstances are currently leading to extreme financial pressure and/or they have complex finance, benefit and debt-related needs which require a range of Activities to address these needs. Service user may have a poor finance history and wider complex needs, such as mental health issues, substance misuse and/or addiction issues.',
        '45f21165-1108-4945-b16a-69fd79658628', 'HIGH'),
       ('407d1993-a280-4d1e-bc88-e9530cbf3d22', 'Low complexity',
        'Service user has prior experience of successfully dealing with their own finance, benefit and debt needs. Service users circumstances may be currently leading to significant financial pressure. Service user will require some advice, guidance and/or support across some specific but limited finance, benefit and debt needs, but will be able to support themselves with other aspects.',
        'f2c40b64-d5ef-4ce4-993e-039d509d903d', 'LOW'),
       ('6872a5c4-490b-44a1-9837-19931dc9363e', 'Medium complexity',
        'Service user has limited prior experience of successfully dealing with their own finance, benefit and debt needs. Service users circumstances are currently leading to significant financial pressure and they require support to address these needs. Service user will need either significant support to meet a limited number of needs – for instance the Service user may have additional needs (i.e. learning difficulties) or other challenges which impact on their ability to fully manage – or they will need limited support to meet a wider range of finance, benefit and debt - related needs.',
        'f2c40b64-d5ef-4ce4-993e-039d509d903d', 'MEDIUM'),
       ('4af2cb73-5fc0-45da-bdfd-f993d9da8a96', 'High complexity',
        'Service user has minimal or no prior experience of successfully dealing with their own finance, benefit and debt needs and does not have necessary identification documents or bank account. Service users circumstances are currently leading to extreme financial pressure and/or they have complex finance, benefit and debt-related needs which require a range of Activities to address these needs. Service user may have a poor finance history and wider complex needs, such as mental health issues, substance misuse and/or addiction issues.',
        'f2c40b64-d5ef-4ce4-993e-039d509d903d', 'HIGH'),
       ('7472cc45-bd53-4c67-b449-a29053f504f1', 'Low complexity',
        'Service user has prior experience of successfully dealing with their own finance, benefit and debt needs. Service users circumstances may be currently leading to significant financial pressure. Service user will require some advice, guidance and/or support across some specific but limited finance, benefit and debt needs, but will be able to support themselves with other aspects.',
        '2b6bfd96-6838-4f1f-81b3-fe4a11696575', 'LOW'),
       ('36addee5-3f05-4c1d-a9c2-324416fb85e9', 'Medium complexity',
        'Service user has limited prior experience of successfully dealing with their own finance, benefit and debt needs. Service users circumstances are currently leading to significant financial pressure and they require support to address these needs. Service user will need either significant support to meet a limited number of needs – for instance the Service user may have additional needs (i.e. learning difficulties) or other challenges which impact on their ability to fully manage – or they will need limited support to meet a wider range of finance, benefit and debt - related needs.',
        '2b6bfd96-6838-4f1f-81b3-fe4a11696575', 'MEDIUM'),
       ('2feb4f43-18dd-49d4-b500-995a23219734', 'High complexity',
        'Service user has minimal or no prior experience of successfully dealing with their own finance, benefit and debt needs and does not have necessary identification documents or bank account. Service users circumstances are currently leading to extreme financial pressure and/or they have complex finance, benefit and debt-related needs which require a range of Activities to address these needs. Service user may have a poor finance history and wider complex needs, such as mental health issues, substance misuse and/or addiction issues.',
        '2b6bfd96-6838-4f1f-81b3-fe4a11696575', 'HIGH'),
       ('092b5dba-8192-4f66-b86b-11bad9b281e7', 'Low complexity',
        'Service user has prior experience of successfully dealing with their own finance, benefit and debt needs. Service users circumstances may be currently leading to significant financial pressure. Service user will require some advice, guidance and/or support across some specific but limited finance, benefit and debt needs, but will be able to support themselves with other aspects.',
        'c61f93f1-99b5-45a7-b470-24a6d981692a', 'LOW'),
       ('01d88d15-b97b-4c84-832d-79e3b85fcb7b', 'Medium complexity',
        'Service user has limited prior experience of successfully dealing with their own finance, benefit and debt needs. Service users circumstances are currently leading to significant financial pressure and they require support to address these needs. Service user will need either significant support to meet a limited number of needs – for instance the Service user may have additional needs (i.e. learning difficulties) or other challenges which impact on their ability to fully manage – or they will need limited support to meet a wider range of finance, benefit and debt - related needs.',
        'c61f93f1-99b5-45a7-b470-24a6d981692a', 'MEDIUM'),
       ('a0ee4498-bee7-40f4-9c02-455be75f1bb3', 'High complexity',
        'Service user has minimal or no prior experience of successfully dealing with their own finance, benefit and debt needs and does not have necessary identification documents or bank account. Service users circumstances are currently leading to extreme financial pressure and/or they have complex finance, benefit and debt-related needs which require a range of Activities to address these needs. Service user may have a poor finance history and wider complex needs, such as mental health issues, substance misuse and/or addiction issues.',
        'c61f93f1-99b5-45a7-b470-24a6d981692a', 'HIGH'),
       ('a7b8d48f-2430-478c-8d56-547f41a14a74', 'Low complexity',
        'Service user has prior experience of successfully dealing with their own finance, benefit and debt needs. Service users circumstances may be currently leading to significant financial pressure. Service user will require some advice, guidance and/or support across some specific but limited finance, benefit and debt needs, but will be able to support themselves with other aspects.',
        'c7c9416f-e83a-41fa-bc56-8429907cdd9f', 'LOW'),
       ('57931bda-4955-4a0b-b149-591b5bdcaad8', 'Medium complexity',
        'Service user has limited prior experience of successfully dealing with their own finance, benefit and debt needs. Service users circumstances are currently leading to significant financial pressure and they require support to address these needs. Service user will need either significant support to meet a limited number of needs – for instance the Service user may have additional needs (i.e. learning difficulties) or other challenges which impact on their ability to fully manage – or they will need limited support to meet a wider range of finance, benefit and debt - related needs.',
        'c7c9416f-e83a-41fa-bc56-8429907cdd9f', 'MEDIUM'),
       ('edd17025-220b-4d10-9c23-d793cab97099', 'High complexity',
        'Service user has minimal or no prior experience of successfully dealing with their own finance, benefit and debt needs and does not have necessary identification documents or bank account. Service users circumstances are currently leading to extreme financial pressure and/or they have complex finance, benefit and debt-related needs which require a range of Activities to address these needs. Service user may have a poor finance history and wider complex needs, such as mental health issues, substance misuse and/or addiction issues.',
        'c7c9416f-e83a-41fa-bc56-8429907cdd9f', 'HIGH'),
       ('f12e18ad-160c-4ca5-8921-cdf8068edfd8', 'Low complexity',
        'Service user has prior experience of successfully dealing with their own finance, benefit and debt needs. Service users circumstances may be currently leading to significant financial pressure. Service user will require some advice, guidance and/or support across some specific but limited finance, benefit and debt needs, but will be able to support themselves with other aspects.',
        '53563c71-de95-484c-992b-9d76de8089f7', 'LOW'),
       ('c2413c85-dfe0-44cb-9ca8-64e0c6e01f56', 'Medium complexity',
        'Service user has limited prior experience of successfully dealing with their own finance, benefit and debt needs. Service users circumstances are currently leading to significant financial pressure and they require support to address these needs. Service user will need either significant support to meet a limited number of needs – for instance the Service user may have additional needs (i.e. learning difficulties) or other challenges which impact on their ability to fully manage – or they will need limited support to meet a wider range of finance, benefit and debt - related needs.',
        '53563c71-de95-484c-992b-9d76de8089f7', 'MEDIUM'),
       ('966c88da-e045-4505-89a0-639071ededbd', 'High complexity',
        'Service user has minimal or no prior experience of successfully dealing with their own finance, benefit and debt needs and does not have necessary identification documents or bank account. Service users circumstances are currently leading to extreme financial pressure and/or they have complex finance, benefit and debt-related needs which require a range of Activities to address these needs. Service user may have a poor finance history and wider complex needs, such as mental health issues, substance misuse and/or addiction issues.',
        '53563c71-de95-484c-992b-9d76de8089f7', 'HIGH');

insert into contract_type (id, name, code)
values ('a4f6abff-4490-44ce-8f34-d2f6f9ce2537', 'Finance, Benefit and Debt (South West)', 'FBD-SW'),
       ('2f311000-5d5c-4b2e-a038-8d1b231cc508', 'Dependency and Recovery (South West)', 'DNR-SW'),
       ('5de142e5-97af-45a0-b216-27184bc6cd00', 'Finance, Benefit and Debt (Stockport)', 'FBD-SP'),
       ('5623d5ee-10dc-48b2-8d7b-14913123e06c', 'Finance, Benefit and Debt (Bolton)', 'FBD-B'),
       ('e07e9018-67f4-40a5-b6ea-c268348122ca', 'Finance, Benefit and Debt (Trafford)', 'FBD-TR'),
       ('f5aac711-7d8a-48d5-ba1e-d3709853a235', 'Finance, Benefit and Debt (Rochdale)', 'FBD-R'),
       ('568f1b8e-af84-42bc-a4b4-32d02da56608', 'Finance, Benefit and Debt (Salford)', 'FBD-SA'),
       ('fc0aa411-5095-4cc8-b7a1-0c003a26754d', 'Finance, Benefit and Debt (Bury)', 'FBD-BU'),
       ('729402eb-573c-4b8a-acd8-778256768bbe', 'Finance, Benefit and Debt (Manchester)', 'FBD-M'),
       ('186fa304-f869-448f-b634-4b4c4b270f4f', 'Finance, Benefit and Debt (Tameside)', 'FBD-TA'),
       ('6a6848dc-b8ea-44af-ba26-4518471fccc0', 'Finance, Benefit and Debt (Wigan)', 'FBD-WI'),
       ('93d54c46-8cc0-4792-828a-65fd8fbdde2e', 'Finance, Benefit and Debt (Oldham)', 'FBD-O');

insert into contract_type_service_category (contract_type_id, service_category_id)
values ('a4f6abff-4490-44ce-8f34-d2f6f9ce2537', '17c514b3-947c-439c-b7cb-b2779429feb8'),
       ('2f311000-5d5c-4b2e-a038-8d1b231cc508', 'd9cd7b8b-2ce0-4553-8f56-a7ecfa5cc9e5'),
       ('5de142e5-97af-45a0-b216-27184bc6cd00', '68084e67-064a-4a19-8244-ec37e99a4fd4'),
       ('5623d5ee-10dc-48b2-8d7b-14913123e06c', '561981f5-8a2e-4e71-a19b-41e0b3dcc66a'),
       ('e07e9018-67f4-40a5-b6ea-c268348122ca', '40251185-a6d4-4107-b3d3-cfef2db71e37'),
       ('f5aac711-7d8a-48d5-ba1e-d3709853a235', '7f8148ca-d07a-4769-a512-0b66284ef793'),
       ('568f1b8e-af84-42bc-a4b4-32d02da56608', '45f21165-1108-4945-b16a-69fd79658628'),
       ('fc0aa411-5095-4cc8-b7a1-0c003a26754d', 'f2c40b64-d5ef-4ce4-993e-039d509d903d'),
       ('729402eb-573c-4b8a-acd8-778256768bbe', '2b6bfd96-6838-4f1f-81b3-fe4a11696575'),
       ('186fa304-f869-448f-b634-4b4c4b270f4f', 'c61f93f1-99b5-45a7-b470-24a6d981692a'),
       ('6a6848dc-b8ea-44af-ba26-4518471fccc0', 'c7c9416f-e83a-41fa-bc56-8429907cdd9f'),
       ('93d54c46-8cc0-4792-828a-65fd8fbdde2e', '53563c71-de95-484c-992b-9d76de8089f7');

insert into desired_outcome (id, description, service_category_id)
values ('04aef3ac-35ee-4959-b1a1-8fa4bb1e047d',
        'Person(s) on Probation’s financial management skills are developed and/or enhanced, including online banking skills.',
        '17c514b3-947c-439c-b7cb-b2779429feb8'),
       ('a4221a12-5989-4dc7-9680-4e2a39b4eb53', 'Person(s) on Probation can successfully navigate the benefits system.',
        '17c514b3-947c-439c-b7cb-b2779429feb8'),
       ('41356df0-6901-44d4-9d28-10c41cfe530f',
        'Pathways are established to help Person(s) on Probation maintain and sustain an income, safely manage money and reduce debt.',
        '17c514b3-947c-439c-b7cb-b2779429feb8'),
       ('bac8e3f5-b900-4649-b4b9-e8ef89fc5726',
        'Person(s) on Probation has access to appropriate financial products, advice and/or services.',
        '17c514b3-947c-439c-b7cb-b2779429feb8'),
       ('07c9acfd-7ede-47a0-9870-d4188b79486a',
        'Person(s) on Probation/Person(s) in Prison gains quick access to universal credit, including pre-release referrals.',
        '17c514b3-947c-439c-b7cb-b2779429feb8'),
       ('6b0cd832-8bad-4990-909b-69ae15da0e07',
        'Person(s) in Prison is supported to complete tasks that they would not otherwise be able to do whilst being in custody e.g.support with banking or debt management.',
        '17c514b3-947c-439c-b7cb-b2779429feb8'),
       ('f003c982-6f8a-4d7c-b1f4-d39d025580a2',
        'Person(s) on Probation achieves abstinence or controlled/non-dependent or non-problematic substance misuse.',
        'd9cd7b8b-2ce0-4553-8f56-a7ecfa5cc9e5'),
       ('024e3e00-eb3b-463f-aa4a-adf51a2762f0',
        'Person(s) on Probation increases their understanding of addictive behaviours and triggers and options to reduce dependency.',
        'd9cd7b8b-2ce0-4553-8f56-a7ecfa5cc9e5'),
       ('e3d99ba0-a43a-4eba-82bb-9bbf8e0213fc',
        'Person(s) on Probation improves their physical health and mental resilience.',
        'd9cd7b8b-2ce0-4553-8f56-a7ecfa5cc9e5'),
       ('b5cd3823-1f46-4fbf-ad8d-caf3212a9d49',
        'Person(s) on Probation enhances their skills to manage risky situations which may pose a trigger or relapse.',
        'd9cd7b8b-2ce0-4553-8f56-a7ecfa5cc9e5'),
       ('3cdeb455-9ce6-4f16-9942-9792abdac2a1',
        'Person(s) on Probation enhances their belief in their ability to manage/ desist from addiction(s).',
        'd9cd7b8b-2ce0-4553-8f56-a7ecfa5cc9e5'),
       ('b274535a-5617-4ccf-9f70-7d52320f7db2',
        'Person(s) on Probation establishes Dependency Pathways to manage a range of addictive behaviours, including supporting access into other treatment providers and detox programmes.',
        'd9cd7b8b-2ce0-4553-8f56-a7ecfa5cc9e5'),
       ('b536d3c1-f5ca-4c5c-bfd6-da23c9551225',
        'Service user has access to appropriate financial products, advice and/or services.',
        '68084e67-064a-4a19-8244-ec37e99a4fd4'),
       ('78c09661-cd66-4cad-96e9-d6517db48c26',
        'Pathways are established to help service user maintain and sustain an income, safely manage money and reduce debt.',
        '68084e67-064a-4a19-8244-ec37e99a4fd4'),
       ('8ef254ae-9558-4bac-932f-9caab6cda7d3',
        'Service user on probation financial management skills are developed and/or enhanced including online banking.',
        '68084e67-064a-4a19-8244-ec37e99a4fd4'),
       ('13915d53-db18-4cf0-881c-bbfac3b0a170', 'Service user can successfully navigate the benefits system.',
        '68084e67-064a-4a19-8244-ec37e99a4fd4'),
       ('55fc73e6-5482-41b5-956e-6105ddb5fc0d', 'Service user gains quick access to universal credit.',
        '68084e67-064a-4a19-8244-ec37e99a4fd4'),
       ('3b72f74a-83a4-4545-8052-71053d650ad5',
        'Service user has access to appropriate financial products, advice and/or services.',
        '68084e67-064a-4a19-8244-ec37e99a4fd4'),
       ('367217eb-9799-4f77-bc2c-5a8fd51d5f51',
        'Service user has access to appropriate financial products, advice and/or services.',
        '561981f5-8a2e-4e71-a19b-41e0b3dcc66a'),
       ('18450e99-694b-4d0d-a118-d3764fcccc21',
        'Pathways are established to help service user maintain and sustain an income, safely manage money and reduce debt.',
        '561981f5-8a2e-4e71-a19b-41e0b3dcc66a'),
       ('aeaa9ada-284e-4bec-b76c-c19ed9f9b4b1',
        'Service user on probation financial management skills are developed and/or enhanced including online banking.',
        '561981f5-8a2e-4e71-a19b-41e0b3dcc66a'),
       ('58537270-8396-4872-8b54-31f40a8bf2f2', 'Service user can successfully navigate the benefits system.',
        '561981f5-8a2e-4e71-a19b-41e0b3dcc66a'),
       ('54234005-c5ab-44ef-9bfc-453a7df46cb2', 'Service user gains quick access to universal credit.',
        '561981f5-8a2e-4e71-a19b-41e0b3dcc66a'),
       ('b07fde92-0501-44da-a2ab-4f8f9c74bbab',
        'Service user has access to appropriate financial products, advice and/or services.',
        '561981f5-8a2e-4e71-a19b-41e0b3dcc66a'),
       ('561cccf4-7e6c-4bd2-b8ea-b90b158ddbcc',
        'Service user has access to appropriate financial products, advice and/or services.',
        '40251185-a6d4-4107-b3d3-cfef2db71e37'),
       ('a1d5d4de-9e9b-4e63-be3b-db189b275499',
        'Pathways are established to help service user maintain and sustain an income, safely manage money and reduce debt.',
        '40251185-a6d4-4107-b3d3-cfef2db71e37'),
       ('4f0a6594-be62-4850-992f-8b4767ca37e8',
        'Service user on probation financial management skills are developed and/or enhanced including online banking.',
        '40251185-a6d4-4107-b3d3-cfef2db71e37'),
       ('a004998f-2831-4f92-ac4e-68e3a31a01d0', 'Service user can successfully navigate the benefits system.',
        '40251185-a6d4-4107-b3d3-cfef2db71e37'),
       ('c5b93ac0-d771-4140-b14f-f582c3c4c43b', 'Service user gains quick access to universal credit.',
        '40251185-a6d4-4107-b3d3-cfef2db71e37'),
       ('9792c2da-9f44-4b33-b38c-8390522d77df',
        'Service user has access to appropriate financial products, advice and/or services.',
        '40251185-a6d4-4107-b3d3-cfef2db71e37'),
       ('6e330caf-1447-4614-b9ad-f3e921f7de13',
        'Service user has access to appropriate financial products, advice and/or services.',
        '7f8148ca-d07a-4769-a512-0b66284ef793'),
       ('9353db63-c9e8-4d0c-b201-06319b6fc4f0',
        'Pathways are established to help service user maintain and sustain an income, safely manage money and reduce debt.',
        '7f8148ca-d07a-4769-a512-0b66284ef793'),
       ('464e7bce-0120-4698-b766-78dbcff270f3',
        'Service user on probation financial management skills are developed and/or enhanced including online banking.',
        '7f8148ca-d07a-4769-a512-0b66284ef793'),
       ('242631bc-1bc4-4c73-9c69-6ca7063e113e', 'Service user can successfully navigate the benefits system.',
        '7f8148ca-d07a-4769-a512-0b66284ef793'),
       ('c4fe4504-c5d2-4be5-a35d-a1964364f716', 'Service user gains quick access to universal credit.',
        '7f8148ca-d07a-4769-a512-0b66284ef793'),
       ('d5c318e6-91de-43f3-b25e-b3210f6ed9f9',
        'Service user has access to appropriate financial products, advice and/or services.',
        '7f8148ca-d07a-4769-a512-0b66284ef793'),
       ('b3799c87-41f0-427b-ab6a-5f9271258644',
        'Service user has access to appropriate financial products, advice and/or services.',
        '45f21165-1108-4945-b16a-69fd79658628'),
       ('d9bc8922-3ee7-419f-9889-74c7c8e81ef9',
        'Pathways are established to help service user maintain and sustain an income, safely manage money and reduce debt.',
        '45f21165-1108-4945-b16a-69fd79658628'),
       ('3e2942c6-bdf8-4f47-a057-f76a7c276009',
        'Service user on probation financial management skills are developed and/or enhanced including online banking.',
        '45f21165-1108-4945-b16a-69fd79658628'),
       ('bbc5e9c1-1a11-4cf9-98d3-f98c785156d1', 'Service user can successfully navigate the benefits system.',
        '45f21165-1108-4945-b16a-69fd79658628'),
       ('23134544-6134-4e0a-afa7-89b6d82f638e', 'Service user gains quick access to universal credit.',
        '45f21165-1108-4945-b16a-69fd79658628'),
       ('38eb026e-3476-4ae5-b8d2-1b6c82bf1aa6',
        'Service user has access to appropriate financial products, advice and/or services.',
        '45f21165-1108-4945-b16a-69fd79658628'),
       ('6e29931a-727b-4c26-b1bf-036f1b3a88f7',
        'Service user has access to appropriate financial products, advice and/or services.',
        'f2c40b64-d5ef-4ce4-993e-039d509d903d'),
       ('0fcedd00-03e0-478c-bf25-c0f341e1132c',
        'Pathways are established to help service user maintain and sustain an income, safely manage money and reduce debt.',
        'f2c40b64-d5ef-4ce4-993e-039d509d903d'),
       ('3bf11b73-3147-4506-a824-fc7e85920124',
        'Service user on probation financial management skills are developed and/or enhanced including online banking.',
        'f2c40b64-d5ef-4ce4-993e-039d509d903d'),
       ('de35d1de-e51b-49ba-bb75-ad8bceb9f0ec', 'Service user can successfully navigate the benefits system.',
        'f2c40b64-d5ef-4ce4-993e-039d509d903d'),
       ('7555ba2c-5f30-41a1-b484-e048d9342e1f', 'Service user gains quick access to universal credit.',
        'f2c40b64-d5ef-4ce4-993e-039d509d903d'),
       ('2fdc490e-8bb4-47f0-8c32-71d1a8c22bc9',
        'Service user has access to appropriate financial products, advice and/or services.',
        'f2c40b64-d5ef-4ce4-993e-039d509d903d'),
       ('697c7d26-6bbf-4be8-bfdd-76121b1f876c',
        'Service user has access to appropriate financial products, advice and/or services.',
        '2b6bfd96-6838-4f1f-81b3-fe4a11696575'),
       ('6e7c9af2-0152-4338-8a08-5cd8d771bd80',
        'Pathways are established to help service user maintain and sustain an income, safely manage money and reduce debt.',
        '2b6bfd96-6838-4f1f-81b3-fe4a11696575'),
       ('0315a204-d502-49e4-9926-d32a4aaabd6b',
        'Service user on probation financial management skills are developed and/or enhanced including online banking.',
        '2b6bfd96-6838-4f1f-81b3-fe4a11696575'),
       ('62dee38e-237e-4876-ac88-002de8f3e535', 'Service user can successfully navigate the benefits system.',
        '2b6bfd96-6838-4f1f-81b3-fe4a11696575'),
       ('12fe144b-3367-4a81-a3e5-e3265cdc8b28', 'Service user gains quick access to universal credit.',
        '2b6bfd96-6838-4f1f-81b3-fe4a11696575'),
       ('ceb24103-c6e5-44b8-92c2-fa5eb0240438',
        'Service user has access to appropriate financial products, advice and/or services.',
        '2b6bfd96-6838-4f1f-81b3-fe4a11696575'),
       ('74f720f2-f7cb-4705-95aa-9533d4fdcb0a',
        'Service user has access to appropriate financial products, advice and/or services.',
        'c61f93f1-99b5-45a7-b470-24a6d981692a'),
       ('c3fc3847-f9a4-4008-8a61-a2df6d7431c8',
        'Pathways are established to help service user maintain and sustain an income, safely manage money and reduce debt.',
        'c61f93f1-99b5-45a7-b470-24a6d981692a'),
       ('e83ea864-571c-4c86-9597-9f063a660402',
        'Service user on probation financial management skills are developed and/or enhanced including online banking.',
        'c61f93f1-99b5-45a7-b470-24a6d981692a'),
       ('167812d0-e720-4229-af46-999a6564b3d6', 'Service user can successfully navigate the benefits system.',
        'c61f93f1-99b5-45a7-b470-24a6d981692a'),
       ('7cb320dc-3ebd-45fc-9a4f-dd9900a81d68', 'Service user gains quick access to universal credit.',
        'c61f93f1-99b5-45a7-b470-24a6d981692a'),
       ('31cbc6f9-c5c2-4da5-ad0d-7b72e41d4175',
        'Service user has access to appropriate financial products, advice and/or services.',
        'c61f93f1-99b5-45a7-b470-24a6d981692a'),
       ('73e5a8e7-0f14-4d76-91b0-886864e2aca5',
        'Service user has access to appropriate financial products, advice and/or services.',
        'c7c9416f-e83a-41fa-bc56-8429907cdd9f'),
       ('bf1cc07c-465d-4d81-ba51-00c7a492866e',
        'Pathways are established to help service user maintain and sustain an income, safely manage money and reduce debt.',
        'c7c9416f-e83a-41fa-bc56-8429907cdd9f'),
       ('f0d45043-988a-4077-aa66-cf5c53f7c43a',
        'Service user on probation financial management skills are developed and/or enhanced including online banking.',
        'c7c9416f-e83a-41fa-bc56-8429907cdd9f'),
       ('7a1a74f1-9a92-4239-9b11-c58486f92159', 'Service user can successfully navigate the benefits system.',
        'c7c9416f-e83a-41fa-bc56-8429907cdd9f'),
       ('077d6f3b-b2e2-4896-9542-5cfb48af3432', 'Service user gains quick access to universal credit.',
        'c7c9416f-e83a-41fa-bc56-8429907cdd9f'),
       ('b2bf616f-4ea4-488b-9880-57c7661e8d4c',
        'Service user has access to appropriate financial products, advice and/or services.',
        'c7c9416f-e83a-41fa-bc56-8429907cdd9f'),
       ('8762515a-c31c-4912-9f61-9c78223acb2a',
        'Service user has access to appropriate financial products, advice and/or services.',
        '53563c71-de95-484c-992b-9d76de8089f7'),
       ('3b036246-836c-42f1-a398-34e44d3b8849',
        'Pathways are established to help service user maintain and sustain an income, safely manage money and reduce debt.',
        '53563c71-de95-484c-992b-9d76de8089f7'),
       ('cfb61a7b-3ad4-45d2-abd0-fbd0552fad63',
        'Service user on probation financial management skills are developed and/or enhanced including online banking.',
        '53563c71-de95-484c-992b-9d76de8089f7'),
       ('f2f0a848-ab55-484e-b6a0-d98443b22e6a', 'Service user can successfully navigate the benefits system.',
        '53563c71-de95-484c-992b-9d76de8089f7'),
       ('a9848b4a-39f5-4677-aff8-98b3197654c7', 'Service user gains quick access to universal credit.',
        '53563c71-de95-484c-992b-9d76de8089f7'),
       ('5ce1d006-4b45-4b0f-b92d-76dbbcbacd6d',
        'Service user has access to appropriate financial products, advice and/or services.',
        '53563c71-de95-484c-992b-9d76de8089f7');
